{"last_download_success": 1722185052.4986765, "unseen_downloads": [], "last_download_failure": 1722208206.7080922}